namedb,user_id,part,color,quantity
MIODB,2,3957b,0,4
MIODB,2,3957a,0,5
MIODB,2,2569,0,2
MIODB,2,4221,0,10
MIODB,2,4220,0,1
MIODB,2,30014,0,3
MIODB,2,30377,0,13
MIODB,2,59230,0,1
MIODB,2,53989,0,5
MIODB,2,3612,0,2
MIODB,2,6048a,0,2
MIODB,2,6217,0,1
MIODB,2,6553,0,8
MIODB,2,48729b,0,38
MIODB,2,4735,0,11
MIODB,2,4083,0,3
MIODB,2,4873,0,3
MIODB,2,2486,0,1
MIODB,2,87994,0,7
MIODB,2,30374,0,3
MIODB,2,4095,0,2
MIODB,2,63965,0,4
MIODB,2,11089,0,1
MIODB,2,53451,0,7
MIODB,2,11090,0,5
MIODB,2,64276,0,18
MIODB,2,32489,0,1
MIODB,2,41672,0,3
MIODB,2,53562,0,6
MIODB,2,32475,0,2
MIODB,2,43616,0,1
MIODB,2,2625,0,1
MIODB,2,2539,0,1
MIODB,2,4345a,0,1
MIODB,2,2436,0,2
MIODB,2,44728,0,8
MIODB,2,99207,0,6
MIODB,2,3956,0,2
MIODB,2,11215,0,1
MIODB,2,4732,0,1
MIODB,2,2465,0,4
MIODB,2,2453a,0,1
MIODB,2,3622,0,5
MIODB,2,3010,0,2
MIODB,2,3009,0,12
MIODB,2,3008,0,2
MIODB,2,3006,0,2
MIODB,2,3003,0,4
MIODB,2,2357,0,4
MIODB,2,30603,0,10
MIODB,2,3002,0,4
MIODB,2,3001,0,1
MIODB,2,2456,0,9
MIODB,2,4490,0,3
MIODB,2,3659,0,1
MIODB,2,2339,0,3
MIODB,2,92950,0,5
MIODB,2,47457,0,9
MIODB,2,41855,0,8
MIODB,2,3062b,0,28
MIODB,2,4588,0,3
MIODB,2,30367c,0,9
MIODB,2,3941,0,16
MIODB,2,30361c,0,1
MIODB,2,4591,0,3
MIODB,2,6222,0,1
MIODB,2,3063b,0,1
MIODB,2,4733,0,20
MIODB,2,3963,0,4
MIODB,2,60475b,0,2
MIODB,2,4070,0,7
MIODB,2,87087,0,13
MIODB,2,47905,0,3
MIODB,2,3317,0,1
MIODB,2,2877,0,1
MIODB,2,2458,0,8
MIODB,2,52107,0,8
MIODB,2,2605c01,0,4
MIODB,2,4595,0,1
MIODB,2,30414,0,4
MIODB,2,4730,0,4
MIODB,2,2434,0,6
MIODB,2,47458,0,2
MIODB,2,47456,0,10
MIODB,2,6058,0,1
MIODB,2,4597,0,2
MIODB,2,4589,0,11
MIODB,2,59900,0,1
MIODB,2,3942b,0,6
MIODB,2,3942c,0,1
MIODB,2,6233,0,3
MIODB,2,4346p60,0,2
MIODB,2,2351,0,1
MIODB,2,40378,0,4
MIODB,2,4740,0,2
MIODB,2,3960pr0016,0,2
MIODB,2,3189,0,1
MIODB,2,3188,0,1
MIODB,2,3475a,0,6
MIODB,2,4229,0,16
MIODB,2,2462,0,2
MIODB,2,30647,0,2
MIODB,2,3633,0,4
MIODB,2,44676,0,1
MIODB,2,73590c02a,0,1
MIODB,2,73590c01a,0,6
MIODB,2,90617,0,2
MIODB,2,90616,0,2
MIODB,2,90611,0,20
MIODB,2,90608,0,8
MIODB,2,90640,0,4
MIODB,2,90638,0,4
MIODB,2,90622,0,1
MIODB,2,98603,0,1
MIODB,2,93575,0,2
MIODB,2,90661,0,1
MIODB,2,98575,0,1
MIODB,2,92222,0,4
MIODB,2,98571,0,2
MIODB,2,90650,0,2
MIODB,2,92234,0,2
MIODB,2,90652,0,2
MIODB,2,98590,0,1
MIODB,2,90623,0,2
MIODB,2,2433,0,10
MIODB,2,3937,0,6
MIODB,2,3938,0,5
MIODB,2,3831,0,3
MIODB,2,3830,0,3
MIODB,2,30389b,0,2
MIODB,2,30552,0,30
MIODB,2,30553,0,15
MIODB,2,30554b,0,24
MIODB,2,41532,0,9
MIODB,2,2440p69,0,1
MIODB,2,44301a,0,6
MIODB,2,44567a,0,4
MIODB,2,30383,0,6
MIODB,2,44302a,0,22
MIODB,2,60471,0,4
MIODB,2,4276a,0,15
MIODB,2,4275b,0,18
MIODB,2,4275a,0,3
MIODB,2,2452,0,3
MIODB,2,4504,0,2
MIODB,2,30407,0,8
MIODB,2,92582,0,9
MIODB,2,3597,0,1
MIODB,2,3315,0,1
MIODB,2,3640,0,6
MIODB,2,3639,0,7
MIODB,2,3149c01,0,4
MIODB,2,3324c01,0,1
MIODB,2,4531,0,9
MIODB,2,44300,0,1
MIODB,2,4625,0,2
MIODB,2,44822,0,1
MIODB,2,4213,0,4
MIODB,2,4315,0,6
MIODB,2,4214,0,1
MIODB,2,2443,0,3
MIODB,2,33078,0,1
MIODB,2,298c02,0,6
MIODB,2,298c04,0,3
MIODB,2,298c01,0,4
MIODB,2,2607,0,1
MIODB,2,2609a,0,4
MIODB,2,98721,0,2
MIODB,2,30162,0,4
MIODB,2,2516,0,2
MIODB,2,2342,0,2
MIODB,2,59275,0,6
MIODB,2,15391,0,1
MIODB,2,30031,0,1
MIODB,2,3626b,0,4
MIODB,2,60849,0,5
MIODB,2,3849,0,1
MIODB,2,4349,0,7
MIODB,2,4522,0,4
MIODB,2,4479,0,1
MIODB,2,30132,0,6
MIODB,2,4079,0,1
MIODB,2,3837,0,3
MIODB,2,3959,0,7
MIODB,2,4006,0,6
MIODB,2,55300,0,10
MIODB,2,55297,0,2
MIODB,2,95199,0,1
MIODB,2,50947,0,4
MIODB,2,3788,0,1
MIODB,2,41854,0,6
MIODB,2,42446,0,1
MIODB,2,4865a,0,5
MIODB,2,4864a,0,7
MIODB,2,87544,0,3
MIODB,2,2362a,0,4
MIODB,2,4215a,0,2
MIODB,2,2345,0,7
MIODB,2,4737,0,2
MIODB,2,3024,0,1
MIODB,2,4477,0,18
MIODB,2,60479,0,1
MIODB,2,3666,0,3
MIODB,2,3460,0,29
MIODB,2,3832,0,5
MIODB,2,2445,0,5
MIODB,2,91988,0,4
MIODB,2,4282,0,4
MIODB,2,3021,0,11
MIODB,2,3795,0,39
MIODB,2,3034,0,2
MIODB,2,3030,0,4
MIODB,2,3029,0,5
MIODB,2,3035,0,1
MIODB,2,3028,0,1
MIODB,2,3027,0,2
MIODB,2,3958,0,1
MIODB,2,41539,0,2
MIODB,2,85861,0,8
MIODB,2,6141,0,17
MIODB,2,4032a,0,8
MIODB,2,98284,0,2
MIODB,2,2654,0,5
MIODB,2,11833,0,1
MIODB,2,60474,0,2
MIODB,2,18980,0,1
MIODB,2,6019,0,4
MIODB,2,4081b,0,2
MIODB,2,4081a,0,2
MIODB,2,60897,0,2
MIODB,2,4085a,0,24
MIODB,2,49668,0,6
MIODB,2,48336,0,3
MIODB,2,2540,0,11
MIODB,2,92692,0,2
MIODB,2,4623,0,9
MIODB,2,63868,0,10
MIODB,2,60470b,0,12
MIODB,2,60470a,0,2
MIODB,2,60478,0,5
MIODB,2,3839b,0,19
MIODB,2,15403,0,2
MIODB,2,11458,0,2
MIODB,2,4590,0,9
MIODB,2,30043,0,1
MIODB,2,6583,0,2
MIODB,2,2444,0,10
MIODB,2,3730,0,1
MIODB,2,4488,0,4
MIODB,2,3491,0,1
MIODB,2,3176,0,16
MIODB,2,15706,0,2
MIODB,2,4151,0,2
MIODB,2,3480,0,4
MIODB,2,2952,0,1
MIODB,2,6041,0,2
MIODB,2,30332,0,1
MIODB,2,2421,0,3
MIODB,2,3461,0,2
MIODB,2,6040,0,1
MIODB,2,61409,0,1
MIODB,2,60477,0,3
MIODB,2,30363,0,9
MIODB,2,54200,0,583
MIODB,2,4286,0,11
MIODB,2,3298,0,9
MIODB,2,3298p53,0,2
MIODB,2,3675,0,1
MIODB,2,3049c,0,4
MIODB,2,3044b,0,2
MIODB,2,92946,0,1
MIODB,2,3040p33,0,1
MIODB,2,3040b,0,44
MIODB,2,3039,0,10
MIODB,2,3043,0,2
MIODB,2,3039pc4,0,1
MIODB,2,3038,0,2
MIODB,2,2876,0,3
MIODB,2,60481,0,4
MIODB,2,4460b,0,6
MIODB,2,3684,0,8
MIODB,2,11477,0,4
MIODB,2,30602,0,2
MIODB,2,50950,0,4
MIODB,2,13547,0,2
MIODB,2,61678,0,2
MIODB,2,93606,0,1
MIODB,2,4287,0,3
MIODB,2,3747b,0,1
MIODB,2,3665,0,5
MIODB,2,3660,0,3
MIODB,2,2341,0,1
MIODB,2,60219,0,2
MIODB,2,4208,0,1
MIODB,2,40244,0,3
MIODB,2,3940b,0,7
MIODB,2,4476b,0,5
MIODB,2,30211,0,2
MIODB,2,2340,0,4
MIODB,2,3479,0,9
MIODB,2,3587,0,2
MIODB,2,3587pb02,0,1
MIODB,2,3737,0,24
MIODB,2,3708,0,55
MIODB,2,3704,0,49
MIODB,2,32062,0,84
MIODB,2,4519,0,59
MIODB,2,3705,0,161
MIODB,2,32073,0,10
MIODB,2,32209,0,2
MIODB,2,3706,0,109
MIODB,2,3707,0,57
MIODB,2,32013,0,13
MIODB,2,32034,0,15
MIODB,2,32016,0,3
MIODB,2,32192,0,7
MIODB,2,32015,0,14
MIODB,2,32014,0,2
MIODB,2,6536,0,31
MIODB,2,42003,0,6
MIODB,2,32184,0,20
MIODB,2,32291,0,7
MIODB,2,41678,0,3
MIODB,2,93571,0,17
MIODB,2,32174,0,12
MIODB,2,45590,0,1
MIODB,2,6538b,0,6
MIODB,2,59443,0,4
MIODB,2,32039,0,26
MIODB,2,18651,0,1
MIODB,2,43093,0,16
MIODB,2,53585,0,3
MIODB,2,32525,0,4
MIODB,2,41239,0,5
MIODB,2,32278,0,1
MIODB,2,60483,0,2
MIODB,2,41677,0,33
MIODB,2,32523,0,10
MIODB,2,6632,0,9
MIODB,2,32449,0,12
MIODB,2,2825,0,26
MIODB,2,32316,0,2
MIODB,2,32017,0,4
MIODB,2,32063,0,6
MIODB,2,32348,0,1
MIODB,2,32524,0,10
MIODB,2,32065,0,6
MIODB,2,6629,0,2
MIODB,2,32271,0,4
MIODB,2,40490,0,4
MIODB,2,32140,0,11
MIODB,2,32056,0,7
MIODB,2,60484,0,11
MIODB,2,32250,0,4
MIODB,2,2905,0,18
MIODB,2,99773,0,2
MIODB,2,2730,0,28
MIODB,2,3895,0,22
MIODB,2,3703,0,12
MIODB,2,6541,0,21
MIODB,2,3700,0,46
MIODB,2,32000,0,9
MIODB,2,32064b,0,8
MIODB,2,3701,0,28
MIODB,2,2989,0,2
MIODB,2,3894,0,37
MIODB,2,3702,0,34
MIODB,2,92013,0,2
MIODB,2,3713,0,24
MIODB,2,32123b,0,3
MIODB,2,32270,0,13
MIODB,2,18575,0,1
MIODB,2,32269,0,1
MIODB,2,424,0,4
MIODB,2,32072,0,2
MIODB,2,70496,0,1
MIODB,2,2904,0,1
MIODB,2,64683,0,2
MIODB,2,64391,0,2
MIODB,2,64681,0,1
MIODB,2,64393,0,1
MIODB,2,32333,0,2
MIODB,2,85940,0,1
MIODB,2,87082,0,1
MIODB,2,32138,0,6
MIODB,2,6558,0,82
MIODB,2,32054,0,18
MIODB,2,2780,0,387
MIODB,2,6628,0,5
MIODB,2,41680,0,1
MIODB,2,4263,0,4
MIODB,2,2711,0,15
MIODB,2,4262,0,5
MIODB,2,4442,0,4
MIODB,2,3709,0,14
MIODB,2,32001,0,2
MIODB,2,3738,0,9
MIODB,2,2906,0,2
MIODB,2,70961,0,3
MIODB,2,2717,0,3
MIODB,2,2909c03,0,4
MIODB,2,2744,0,8
MIODB,2,2738,0,3
MIODB,2,2792,0,3
MIODB,2,98568p01,0,1
MIODB,2,4185,0,10
MIODB,2,2815,0,6
MIODB,2,4716,0,17
MIODB,2,3070b,0,33
MIODB,2,3070bpr0080,0,1
MIODB,2,3069bp28,0,1
MIODB,2,3069b,0,2
MIODB,2,3069bp51,0,4
MIODB,2,63864,0,3
MIODB,2,2431pc1,0,1
MIODB,2,6636,0,21
MIODB,2,3068bp51,0,5
MIODB,2,87079,0,9
MIODB,2,4150,0,10
MIODB,2,4150pr0011b,0,1
MIODB,2,2555,0,13
MIODB,2,15712,0,7
MIODB,2,2412b,0,1
MIODB,2,2432,0,4
MIODB,2,2460,0,3
MIODB,2,88646,0,70
MIODB,2,3680,0,7
MIODB,2,251,0,1
MIODB,2,59895,0,2
MIODB,2,51011,0,2
MIODB,2,132a,0,2
MIODB,2,51380,0,1
MIODB,2,30029,0,1
MIODB,2,4211,0,1
MIODB,2,3314,0,2
MIODB,2,784,0,1
MIODB,2,3829c01,0,4
MIODB,2,45301,0,1
MIODB,2,47759,0,3
MIODB,2,41768,0,3
MIODB,2,41767,0,3
MIODB,2,43721,0,3
MIODB,2,43710,0,3
MIODB,2,43711,0,1
MIODB,2,64225,0,3
MIODB,2,47753,0,1
MIODB,2,47753pr0006,0,1
MIODB,2,4858,0,2
MIODB,2,41748,0,2
MIODB,2,41747,0,2
MIODB,2,4856a,0,3
MIODB,2,41750,0,1
MIODB,2,4859,0,9
MIODB,2,48183,0,2
MIODB,2,2419,0,3
MIODB,2,41770,0,2
MIODB,2,41769,0,2
MIODB,2,3936,0,1
MIODB,2,3935,0,1
MIODB,2,43719,0,1
MIODB,2,2413,0,4
MIODB,2,3586,0,1
MIODB,2,3585,0,1
MIODB,2,3933a,0,6
MIODB,2,3934a,0,6
MIODB,2,30504,0,4
MIODB,2,4475,0,1
MIODB,2,50944,0,2
MIODB,2,2695,0,1
MIODB,2,3853,0,1
MIODB,2,60594,0,1
MIODB,2,2507pb04,0,1
MIODB,2,45705,0,3
MIODB,2,62360,0,1
MIODB,2,6152,0,4
MIODB,2,3957a,1,2
MIODB,2,4220,1,1
MIODB,2,3612,1,6
MIODB,2,6217,1,1
MIODB,2,4735,1,2
MIODB,2,44138,1,2
MIODB,2,44807,1,1
MIODB,2,44140,1,1
MIODB,2,4346,1,2
MIODB,2,4345a,1,2
MIODB,2,3956,1,2
MIODB,2,4598,1,2
MIODB,2,4732,1,2
MIODB,2,3005,1,9
MIODB,2,3004,1,25
MIODB,2,3622,1,8
MIODB,2,3010,1,10
MIODB,2,3009,1,12
MIODB,2,3008,1,5
MIODB,2,3006,1,1
MIODB,2,3003,1,26
MIODB,2,2357,1,2
MIODB,2,3002,1,14
MIODB,2,3001,1,7
MIODB,2,2456,1,3
MIODB,2,3007,1,5
MIODB,2,4202,1,1
MIODB,2,6091,1,2
MIODB,2,3063b,1,4
MIODB,2,4070,1,5
MIODB,2,2458,1,1
MIODB,2,30000,1,2
MIODB,2,2434,1,1
MIODB,2,4589,1,2
MIODB,2,4742,1,1
MIODB,2,3822,1,4
MIODB,2,3821,1,2
MIODB,2,3644,1,2
MIODB,2,87620,1,3
MIODB,2,3185,1,1
MIODB,2,4495a,1,1
MIODB,2,4218,1,1
MIODB,2,90641,1,10
MIODB,2,90639,1,4
MIODB,2,11288,1,1
MIODB,2,92218,1,4
MIODB,2,3937,1,5
MIODB,2,3938,1,2
MIODB,2,44302a,1,2
MIODB,2,4276b,1,4
MIODB,2,4275b,1,11
MIODB,2,2452,1,1
MIODB,2,73983,1,6
MIODB,2,3640,1,2
MIODB,2,3639,1,2
MIODB,2,4531,1,2
MIODB,2,4625,1,9
MIODB,2,4213,1,8
MIODB,2,4315,1,2
MIODB,2,4214,1,2
MIODB,2,298c02,1,1
MIODB,2,2609a,1,1
MIODB,2,2516,1,1
MIODB,2,2342,1,1
MIODB,2,59275,1,4
MIODB,2,4629c01,1,1
MIODB,2,4349,1,1
MIODB,2,4079,1,6
MIODB,2,3959,1,2
MIODB,2,3787,1,2
MIODB,2,3788,1,3
MIODB,2,4865a,1,1
MIODB,2,2362a,1,2
MIODB,2,4215a,1,2
MIODB,2,3024,1,1
MIODB,2,3023,1,5
MIODB,2,3623,1,6
MIODB,2,3710,1,11
MIODB,2,3666,1,1
MIODB,2,3460,1,7
MIODB,2,4282,1,2
MIODB,2,3022,1,15
MIODB,2,2420,1,26
MIODB,2,3021,1,9
MIODB,2,3020,1,12
MIODB,2,3034,1,9
MIODB,2,3030,1,1
MIODB,2,3029,1,1
MIODB,2,3032,1,3
MIODB,2,3035,1,2
MIODB,2,3958,1,1
MIODB,2,3036,1,1
MIODB,2,6141,1,10
MIODB,2,4032a,1,1
MIODB,2,2654,1,4
MIODB,2,4081b,1,2
MIODB,2,4081a,1,2
MIODB,2,60897,1,4
MIODB,2,4085a,1,8
MIODB,2,48336,1,1
MIODB,2,2540,1,2
MIODB,2,4623,1,6
MIODB,2,63868,1,2
MIODB,2,3839b,1,1
MIODB,2,4175,1,2
MIODB,2,4596,1,6
MIODB,2,4590,1,3
MIODB,2,3183b,1,1
MIODB,2,2444,1,2
MIODB,2,61409,1,4
MIODB,2,54200,1,395
MIODB,2,85984,1,4
MIODB,2,3298,1,3
MIODB,2,3044b,1,2
MIODB,2,3040b,1,2
MIODB,2,3039,1,7
MIODB,2,3045,1,2
MIODB,2,3039p23,1,2
MIODB,2,3037,1,1
MIODB,2,4857,1,1
MIODB,2,15068,1,2
MIODB,2,88930,1,1
MIODB,2,4287,1,4
MIODB,2,3747b,1,1
MIODB,2,3747a,1,1
MIODB,2,3665,1,4
MIODB,2,3660,1,5
MIODB,2,4854,1,1
MIODB,2,3479,1,1
MIODB,2,4599a,1,2
MIODB,2,32013,1,4
MIODB,2,32034,1,2
MIODB,2,32174,1,10
MIODB,2,43093,1,61
MIODB,2,32173,1,3
MIODB,2,41677,1,2
MIODB,2,32316,1,4
MIODB,2,32140,1,2
MIODB,2,3703,1,2
MIODB,2,3700,1,13
MIODB,2,3701,1,3
MIODB,2,3894,1,9
MIODB,2,3702,1,2
MIODB,2,32175,1,2
MIODB,2,3648b,1,1
MIODB,2,3647,1,2
MIODB,2,32166,1,2
MIODB,2,4274,1,2
MIODB,2,6558,1,26
MIODB,2,32054,1,4
MIODB,2,3709,1,2
MIODB,2,2717,1,9
MIODB,2,32168,1,1
MIODB,2,x209px2,1,1
MIODB,2,3070b,1,11
MIODB,2,3069b,1,1
MIODB,2,63864,1,4
MIODB,2,2431,1,9
MIODB,2,4162,1,1
MIODB,2,3068b,1,5
MIODB,2,87079,1,1
MIODB,2,2412b,1,7
MIODB,2,2432,1,1
MIODB,2,3680,1,19
MIODB,2,4211,1,2
MIODB,2,2498,1,2
MIODB,2,3829c01,1,7
MIODB,2,2399,1,1
MIODB,2,4858,1,1
MIODB,2,2419,1,1
MIODB,2,41770,1,1
MIODB,2,41769,1,1
MIODB,2,3936,1,1
MIODB,2,3935,1,1
MIODB,2,6104,1,1
MIODB,2,4475,1,1
MIODB,2,3582,1,4
MIODB,2,3856,1,2
MIODB,2,3853,1,2
MIODB,2,4033,1,1
MIODB,2,4474,1,1
MIODB,2,33291,10,1
MIODB,2,54200,10,12
MIODB,2,44728,191,2
MIODB,2,4070,191,6
MIODB,2,3024,191,1
MIODB,2,3023,191,3
MIODB,2,3623,191,1
MIODB,2,3710,191,2
MIODB,2,3022,191,3
MIODB,2,54200,191,30
MIODB,2,85984,191,6
MIODB,2,3040b,191,4
MIODB,2,2340pb030,191,2
MIODB,2,3070b,191,11
MIODB,2,6636,191,3
MIODB,2,41748,191,1
MIODB,2,41747,191,1
MIODB,2,3024,29,1
MIODB,2,15470,29,1
MIODB,2,6141,29,1
MIODB,2,54200,29,5
MIODB,2,3070b,29,1
MIODB,2,98138pr0017,29,1
MIODB,2,3004,6,1
MIODB,2,2489,6,1
MIODB,2,4449,6,1
MIODB,2,3024,6,1
MIODB,2,3023,6,10
MIODB,2,3623,6,3
MIODB,2,3666,6,1
MIODB,2,3021,6,1
MIODB,2,3020,6,2
MIODB,2,3032,6,4
MIODB,2,6141,6,2
MIODB,2,4032a,6,1
MIODB,2,4617b,6,1
MIODB,2,3039,6,1
MIODB,2,32184,6,24
MIODB,2,32009,6,16
MIODB,2,32525,6,8
MIODB,2,32278,6,2
MIODB,2,43857,6,2
MIODB,2,32523,6,2
MIODB,2,32524,6,8
MIODB,2,6629,6,3
MIODB,2,6541,6,6
MIODB,2,32527,6,3
MIODB,2,32528,6,3
MIODB,2,32534,6,1
MIODB,2,32535,6,1
MIODB,2,3069b,6,18
MIODB,2,6636,6,2
MIODB,2,2412b,6,1
MIODB,2,2432,6,1
MIODB,2,2450,6,2
MIODB,2,4740,334,2
MIODB,2,2412b,334,1
MIODB,2,4740,383,1
MIODB,2,42114,383,1
MIODB,2,44728,272,1
MIODB,2,3005,272,2
MIODB,2,3010,272,2
MIODB,2,3003,272,3
MIODB,2,2357,272,2
MIODB,2,92262,272,1
MIODB,2,92263,272,1
MIODB,2,30292,272,1
MIODB,2,87544,272,5
MIODB,2,3024,272,4
MIODB,2,3710,272,10
MIODB,2,3666,272,8
MIODB,2,2420,272,4
MIODB,2,3021,272,2
MIODB,2,6141,272,1
MIODB,2,15573,272,9
MIODB,2,3794a,272,9
MIODB,2,92593,272,1
MIODB,2,54200,272,105
MIODB,2,3040b,272,2
MIODB,2,50950,272,7
MIODB,2,3660,272,1
MIODB,2,41531,272,1
MIODB,2,3069b,272,1
MIODB,2,6636,272,5
MIODB,2,3068b,272,3
MIODB,2,2412b,272,2
MIODB,2,43710,272,1
MIODB,2,43711,272,1
MIODB,2,52031,272,2
MIODB,2,41750,272,1
MIODB,2,41749,272,1
MIODB,2,51739,272,2
MIODB,2,2450,272,1
MIODB,2,41770,272,2
MIODB,2,41769,272,3
MIODB,2,60208,272,2
MIODB,2,30377,72,3
MIODB,2,93061,72,7
MIODB,2,48729b,72,4
MIODB,2,11090,72,1
MIODB,2,44135,72,1
MIODB,2,99780,72,6
MIODB,2,44728,72,4
MIODB,2,3004,72,2
MIODB,2,3003,72,2
MIODB,2,6091,72,2
MIODB,2,4588,72,1
MIODB,2,4733,72,4
MIODB,2,87087,72,2
MIODB,2,30414,72,1
MIODB,2,30000,72,2
MIODB,2,14520,72,1
MIODB,2,18975,72,15
MIODB,2,15400,72,2
MIODB,2,47458,72,6
MIODB,2,4589,72,2
MIODB,2,50990b,72,6
MIODB,2,4740,72,1
MIODB,2,93072pr0001,72,1
MIODB,2,90617,72,12
MIODB,2,74261,72,2
MIODB,2,90625,72,1
MIODB,2,3937,72,3
MIODB,2,30365,72,2
MIODB,2,30552,72,16
MIODB,2,44302a,72,1
MIODB,2,15392,72,9
MIODB,2,95199,72,1
MIODB,2,3024,72,4
MIODB,2,3623,72,1
MIODB,2,3460,72,13
MIODB,2,91988,72,1
MIODB,2,3021,72,1
MIODB,2,3020,72,1
MIODB,2,3795,72,1
MIODB,2,3031,72,4
MIODB,2,3032,72,4
MIODB,2,6141,72,14
MIODB,2,4032a,72,2
MIODB,2,2654,72,4
MIODB,2,60474,72,2
MIODB,2,30357,72,2
MIODB,2,30565,72,50
MIODB,2,61252,72,2
MIODB,2,4081b,72,1
MIODB,2,2540,72,4
MIODB,2,15573,72,2
MIODB,2,3794b,72,3
MIODB,2,14417,72,1
MIODB,2,60478,72,3
MIODB,2,4590,72,2
MIODB,2,30033,72,1
MIODB,2,30157,72,3
MIODB,2,3176,72,2
MIODB,2,47474,72,1
MIODB,2,61409,72,9
MIODB,2,54200,72,248
MIODB,2,85984,72,5
MIODB,2,3298,72,3
MIODB,2,92946,72,2
MIODB,2,3040b,72,2
MIODB,2,3039,72,3
MIODB,2,3045,72,6
MIODB,2,2876,72,1
MIODB,2,4460b,72,1
MIODB,2,98560,72,2
MIODB,2,13731,72,5
MIODB,2,50950,72,2
MIODB,2,93273,72,4
MIODB,2,3747b,72,1
MIODB,2,3665,72,2
MIODB,2,4871,72,1
MIODB,2,52501,72,1
MIODB,2,6239,72,1
MIODB,2,6587,72,46
MIODB,2,87083,72,1
MIODB,2,32209,72,1
MIODB,2,59426,72,1
MIODB,2,61053,72,1
MIODB,2,32013,72,3
MIODB,2,32192,72,2
MIODB,2,6536,72,1
MIODB,2,32174,72,2
MIODB,2,6538b,72,3
MIODB,2,11214,72,10
MIODB,2,50923,72,16
MIODB,2,32523,72,3
MIODB,2,6632,72,13
MIODB,2,98577,72,1
MIODB,2,32316,72,3
MIODB,2,40490,72,1
MIODB,2,32056,72,1
MIODB,2,99773,72,4
MIODB,2,32018,72,16
MIODB,2,32000,72,5
MIODB,2,32064b,72,2
MIODB,2,85943,72,16
MIODB,2,3701,72,2
MIODB,2,57908,72,2
MIODB,2,92013,72,3
MIODB,2,47452,72,4
MIODB,2,48171,72,1
MIODB,2,47432,72,2
MIODB,2,2854,72,1
MIODB,2,2851,72,3
MIODB,2,32005a,72,2
MIODB,2,32002,72,34
MIODB,2,75535,72,2
MIODB,2,44224,72,2
MIODB,2,40001,72,2
MIODB,2,3069b,72,1
MIODB,2,63864,72,2
MIODB,2,2431pr0028,72,2
MIODB,2,87079,72,2
MIODB,2,90498,72,4
MIODB,2,15712,72,3
MIODB,2,12825,72,2
MIODB,2,2412b,72,7
MIODB,2,30375,72,2
MIODB,2,52036,72,1
MIODB,2,47759,72,2
MIODB,2,43710,72,1
MIODB,2,4855,72,2
MIODB,2,6069,72,2
MIODB,2,41748,72,2
MIODB,2,51739,72,1
MIODB,2,43722,72,1
MIODB,2,2450,72,2
MIODB,2,43719,72,1
MIODB,2,3464,72,9
MIODB,2,54200,308,22
MIODB,2,3069b,308,2
MIODB,2,2431,308,4
MIODB,2,6016,8,4
MIODB,2,41670,8,2
MIODB,2,44136,8,1
MIODB,2,44139,8,1
MIODB,2,45749,8,2
MIODB,2,44148,8,2
MIODB,2,44247,8,1
MIODB,2,43557,8,2
MIODB,2,3004,8,1
MIODB,2,30136,8,2
MIODB,2,2458,8,2
MIODB,2,30365,8,2
MIODB,2,30553,8,2
MIODB,2,30554a,8,2
MIODB,2,44301a,8,6
MIODB,2,44567a,8,2
MIODB,2,44302a,8,8
MIODB,2,30141,8,4
MIODB,2,3024,8,6
MIODB,2,3031,8,1
MIODB,2,32028,8,2
MIODB,2,30157,8,1
MIODB,2,30342,8,1
MIODB,2,30286,8,1
MIODB,2,4286,8,2
MIODB,2,40244,8,2
MIODB,2,30517,8,1
MIODB,2,32173,8,2
MIODB,2,6573,8,1
MIODB,2,x784,8,2
MIODB,2,3069bp55,8,1
MIODB,2,3010,288,4
MIODB,2,50745,288,2
MIODB,2,61409,288,2
MIODB,2,54200,288,8
MIODB,2,15068,288,2
MIODB,2,3020,484,3
MIODB,2,33291,5,3
MIODB,2,54200,5,22
MIODB,2,6141,85,2
MIODB,2,54200,85,65
MIODB,2,48729b,320,7
MIODB,2,2436,320,2
MIODB,2,3002,320,2
MIODB,2,4070,320,10
MIODB,2,90613,320,6
MIODB,2,90616,320,2
MIODB,2,44302a,320,4
MIODB,2,30191,320,2
MIODB,2,42446,320,8
MIODB,2,3623,320,10
MIODB,2,3710,320,1
MIODB,2,3022,320,2
MIODB,2,3795,320,4
MIODB,2,85861,320,2
MIODB,2,30565,320,3
MIODB,2,48336,320,4
MIODB,2,15573,320,2
MIODB,2,3794a,320,3
MIODB,2,3176,320,1
MIODB,2,85984,320,1
MIODB,2,3046a,320,6
MIODB,2,3045,320,10
MIODB,2,15068,320,2
MIODB,2,50950,320,7
MIODB,2,3665,320,1
MIODB,2,3676,320,2
MIODB,2,4599a,320,2
MIODB,2,3700,320,2
MIODB,2,32064b,320,2
MIODB,2,63864,320,1
MIODB,2,15712,320,1
MIODB,2,6179,320,8
MIODB,2,6565,320,1
MIODB,2,6564,320,2
MIODB,2,11291,320,2
MIODB,2,43710,320,1
MIODB,2,43711,320,1
MIODB,2,64225,320,1
MIODB,2,51739,320,2
MIODB,2,43723,320,5
MIODB,2,48183,320,2
MIODB,2,3004,28,2
MIODB,2,3010,28,3
MIODB,2,3009,28,2
MIODB,2,3008,28,1
MIODB,2,3003,28,5
MIODB,2,3024,28,11
MIODB,2,3710,28,1
MIODB,2,3666,28,2
MIODB,2,15573,28,3
MIODB,2,3794a,28,3
MIODB,2,87580,28,2
MIODB,2,4151b,28,1
MIODB,2,54200,28,7
MIODB,2,3040b,28,4
MIODB,2,4460b,28,4
MIODB,2,6587,28,10
MIODB,2,3070b,28,2
MIODB,2,3069b,28,4
MIODB,2,64867,28,1
MIODB,2,43723,28,1
MIODB,2,43722,28,1
MIODB,2,30377,3,1
MIODB,2,98313,179,8
MIODB,2,43558,179,1
MIODB,2,44147,179,1
MIODB,2,43559,179,2
MIODB,2,41660,179,4
MIODB,2,44033,179,2
MIODB,2,44817,179,2
MIODB,2,92223,179,1
MIODB,2,92214,179,1
MIODB,2,98581,179,1
MIODB,2,92235,179,2
MIODB,2,98721,179,1
MIODB,2,6141,179,2
MIODB,2,15068,179,1
MIODB,2,93273,179,3
MIODB,2,18654,179,1
MIODB,2,98138,179,4
MIODB,2,2412b,179,2
MIODB,2,3020,92,5
MIODB,2,6141,21,3
MIODB,2,54200,294,8
MIODB,2,30374,1000,10
MIODB,2,59900,1000,20
MIODB,2,6141,1000,140
MIODB,2,98138,1000,10
MIODB,2,3005,2,17
MIODB,2,3004,2,31
MIODB,2,3010,2,26
MIODB,2,3009,2,4
MIODB,2,3003,2,6
MIODB,2,2357,2,8
MIODB,2,3002,2,2
MIODB,2,3001,2,22
MIODB,2,2458,2,2
MIODB,2,61780,2,1
MIODB,2,4740,2,2
MIODB,2,30647,2,5
MIODB,2,4495a,2,1
MIODB,2,3470,2,1
MIODB,2,73983,2,1
MIODB,2,2423,2,3
MIODB,2,2417,2,7
MIODB,2,2488,2,2
MIODB,2,3471,2,5
MIODB,2,2435,2,2
MIODB,2,3024,2,6
MIODB,2,4477,2,2
MIODB,2,3023,2,9
MIODB,2,3710,2,10
MIODB,2,3666,2,1
MIODB,2,4282,2,2
MIODB,2,3022,2,4
MIODB,2,2420,2,10
MIODB,2,3021,2,1
MIODB,2,3020,2,3
MIODB,2,3795,2,7
MIODB,2,3035,2,2
MIODB,2,3028,2,2
MIODB,2,3958,2,1
MIODB,2,3036,2,1
MIODB,2,41539,2,4
MIODB,2,6141,2,1
MIODB,2,60470b,2,2
MIODB,2,87580,2,1
MIODB,2,54200,2,40
MIODB,2,85984,2,1
MIODB,2,11477,2,2
MIODB,2,42022,2,2
MIODB,2,3701,2,2
MIODB,2,3069b,2,3
MIODB,2,2431,2,15
MIODB,2,3068b,2,28
MIODB,2,87079,2,1
MIODB,2,2419,2,2
MIODB,2,30504,2,2
MIODB,2,3856,2,10
MIODB,2,33291,31,1
MIODB,2,54200,323,13
MIODB,2,6553,71,19
MIODB,2,4735,71,1
MIODB,2,6140,71,1
MIODB,2,87994,71,2
MIODB,2,30374,71,3
MIODB,2,63965,71,1
MIODB,2,44135,71,1
MIODB,2,99781,71,9
MIODB,2,99780,71,20
MIODB,2,2436,71,7
MIODB,2,99207,71,8
MIODB,2,2454a,71,2
MIODB,2,3010,71,8
MIODB,2,3003,71,1
MIODB,2,2456,71,1
MIODB,2,3007,71,1
MIODB,2,6005,71,2
MIODB,2,3062b,71,3
MIODB,2,30367c,71,2
MIODB,2,92947,71,2
MIODB,2,98100,71,4
MIODB,2,3941,71,2
MIODB,2,4733,71,11
MIODB,2,2921,71,2
MIODB,2,87087,71,10
MIODB,2,2877,71,3
MIODB,2,11211,71,7
MIODB,2,4595,71,2
MIODB,2,30414,71,2
MIODB,2,6232,71,2
MIODB,2,6249,71,2
MIODB,2,4589,71,4
MIODB,2,4740,71,2
MIODB,2,6942,71,2
MIODB,2,4868b,71,2
MIODB,2,17979,71,2
MIODB,2,30389b,71,2
MIODB,2,6134,71,2
MIODB,2,30552,71,3
MIODB,2,30553,71,2
MIODB,2,60471,71,4
MIODB,2,27255,71,20
MIODB,2,30162,71,3
MIODB,2,2343,71,2
MIODB,2,15391,71,2
MIODB,2,64567,71,4
MIODB,2,3900,71,4
MIODB,2,42446,71,4
MIODB,2,4864b,71,2
MIODB,2,3024,71,15
MIODB,2,4477,71,5
MIODB,2,60479,71,1
MIODB,2,3023,71,46
MIODB,2,3623,71,3
MIODB,2,3666,71,1
MIODB,2,3832,71,14
MIODB,2,91988,71,3
MIODB,2,3022,71,45
MIODB,2,2420,71,5
MIODB,2,3731,71,1
MIODB,2,3021,71,1
MIODB,2,3795,71,3
MIODB,2,3034,71,6
MIODB,2,3031,71,3
MIODB,2,3032,71,3
MIODB,2,85861,71,1
MIODB,2,6141,71,18
MIODB,2,4032a,71,7
MIODB,2,2654,71,3
MIODB,2,60474,71,1
MIODB,2,6019,71,11
MIODB,2,4081b,71,2
MIODB,2,4085c,71,2
MIODB,2,48336,71,6
MIODB,2,2540,71,2
MIODB,2,92280,71,4
MIODB,2,4623,71,4
MIODB,2,63868,71,8
MIODB,2,60470b,71,2
MIODB,2,60470a,71,1
MIODB,2,32028,71,3
MIODB,2,60478,71,8
MIODB,2,3839b,71,1
MIODB,2,18649,71,2
MIODB,2,92593,71,2
MIODB,2,4510,71,1
MIODB,2,2817,71,6
MIODB,2,4488,71,5
MIODB,2,3176,71,3
MIODB,2,30303,71,1
MIODB,2,4697b,71,5
MIODB,2,61409,71,4
MIODB,2,54200,71,233
MIODB,2,85984,71,11
MIODB,2,4286,71,4
MIODB,2,3040b,71,1
MIODB,2,3039,71,8
MIODB,2,3678b,71,3
MIODB,2,98560,71,1
MIODB,2,50950,71,6
MIODB,2,93273,71,4
MIODB,2,11153,71,2
MIODB,2,4287,71,2
MIODB,2,3747b,71,3
MIODB,2,3660,71,2
MIODB,2,4871,71,2
MIODB,2,4599a,71,3
MIODB,2,4599b,71,1
MIODB,2,4519,71,92
MIODB,2,32073,71,44
MIODB,2,44294,71,5
MIODB,2,60485,71,1
MIODB,2,32013,71,1
MIODB,2,32034,71,29
MIODB,2,32015,71,5
MIODB,2,32014,71,2
MIODB,2,6536,71,31
MIODB,2,42003,71,14
MIODB,2,32184,71,3
MIODB,2,32068,71,2
MIODB,2,41678,71,4
MIODB,2,6538b,71,78
MIODB,2,32039,71,3
MIODB,2,3749,71,110
MIODB,2,2736,71,5
MIODB,2,32009,71,4
MIODB,2,41239,71,2
MIODB,2,43857,71,2
MIODB,2,41677,71,16
MIODB,2,6632,71,13
MIODB,2,32449,71,12
MIODB,2,32316,71,3
MIODB,2,32063,71,8
MIODB,2,32348,71,1
MIODB,2,6629,71,2
MIODB,2,32271,71,2
MIODB,2,33299b,71,3
MIODB,2,32056,71,4
MIODB,2,32249,71,2
MIODB,2,32250,71,2
MIODB,2,2905,71,8
MIODB,2,3895,71,3
MIODB,2,6541,71,2
MIODB,2,3700,71,23
MIODB,2,3701,71,9
MIODB,2,3894,71,8
MIODB,2,48170,71,2
MIODB,2,3713,71,274
MIODB,2,32123b,71,338
MIODB,2,2723,71,4
MIODB,2,32439b,71,3
MIODB,2,32187,71,2
MIODB,2,2852,71,9
MIODB,2,2850b,71,9
MIODB,2,6589,71,27
MIODB,2,32270,71,5
MIODB,2,32269,71,1
MIODB,2,6592,71,2
MIODB,2,3743,71,6
MIODB,2,4274,71,72
MIODB,2,48989,71,4
MIODB,2,55615,71,4
MIODB,2,87082,71,1
MIODB,2,44809,71,1
MIODB,2,62462,71,10
MIODB,2,48496,71,1
MIODB,2,32054,71,3
MIODB,2,32556,71,5
MIODB,2,3673,71,103
MIODB,2,3709,71,7
MIODB,2,32001,71,1
MIODB,2,3738,71,9
MIODB,2,44225,71,2
MIODB,2,2819,71,1
MIODB,2,4185,71,50
MIODB,2,3070b,71,4
MIODB,2,3070bpr0007,71,4
MIODB,2,3069b,71,15
MIODB,2,3069bpb006,71,8
MIODB,2,3069bpr0101,71,4
MIODB,2,3069bpr0086,71,4
MIODB,2,63864,71,2
MIODB,2,2431,71,3
MIODB,2,6636,71,2
MIODB,2,4162,71,11
MIODB,2,87079,71,7
MIODB,2,98138pr0005,71,1
MIODB,2,4150,71,2
MIODB,2,14769pr0004,71,1
MIODB,2,2555,71,2
MIODB,2,15712,71,9
MIODB,2,12825,71,2
MIODB,2,2412b,71,2
MIODB,2,2460,71,1
MIODB,2,6179,71,2
MIODB,2,3679,71,42
MIODB,2,3829c01,71,2
MIODB,2,43711,71,2
MIODB,2,64225pr0001,71,1
MIODB,2,41747,71,2
MIODB,2,43713,71,3
MIODB,2,47397,71,1
MIODB,2,47398,71,1
MIODB,2,51739,71,7
MIODB,2,43723,71,4
MIODB,2,43722,71,5
MIODB,2,48183,71,1
MIODB,2,2419,71,2
MIODB,2,41770,71,2
MIODB,2,41769,71,2
MIODB,2,30503,71,1
MIODB,2,43719,71,1
MIODB,2,54384,71,3
MIODB,2,54383,71,3
MIODB,2,50944,71,2
MIODB,2,42610,71,1
MIODB,2,56902,71,8
MIODB,2,51378,71,2
MIODB,2,3957a,7,4
MIODB,2,2569,7,1
MIODB,2,4221,7,4
MIODB,2,4220,7,2
MIODB,2,792c01,7,5
MIODB,2,30377,7,4
MIODB,2,3612,7,20
MIODB,2,3613,7,2
MIODB,2,4735,7,4
MIODB,2,4083,7,1
MIODB,2,4873,7,4
MIODB,2,41670,7,4
MIODB,2,32553,7,1
MIODB,2,42042,7,1
MIODB,2,4346,7,1
MIODB,2,4345a,7,1
MIODB,2,3956,7,5
MIODB,2,4598,7,1
MIODB,2,3004,7,3
MIODB,2,3062b,7,6
MIODB,2,4588,7,2
MIODB,2,3941,7,4
MIODB,2,30361c,7,1
MIODB,2,4591,7,2
MIODB,2,3963,7,4
MIODB,2,30000,7,1
MIODB,2,4730,7,2
MIODB,2,6058,7,1
MIODB,2,4589,7,1
MIODB,2,4346p68,7,3
MIODB,2,30360,7,1
MIODB,2,4285b,7,1
MIODB,2,3961,7,5
MIODB,2,2983,7,4
MIODB,2,4869,7,2
MIODB,2,3475a,7,2
MIODB,2,4229,7,4
MIODB,2,3633,7,2
MIODB,2,73590c01a,7,2
MIODB,2,4626,7,1
MIODB,2,2582p68,7,4
MIODB,2,2452,7,1
MIODB,2,3640,7,1
MIODB,2,3639,7,1
MIODB,2,4531,7,1
MIODB,2,4593,7,12
MIODB,2,4592,7,3
MIODB,2,298c02,7,1
MIODB,2,3835,7,4
MIODB,2,2343,7,2
MIODB,2,4349,7,6
MIODB,2,4479,7,3
MIODB,2,4079,7,1
MIODB,2,3959,7,7
MIODB,2,3788,7,1
MIODB,2,2362a,7,2
MIODB,2,2536,7,1
MIODB,2,3023,7,2
MIODB,2,3460,7,1
MIODB,2,3022,7,1
MIODB,2,3021,7,6
MIODB,2,3020,7,1
MIODB,2,3034,7,3
MIODB,2,2639,7,1
MIODB,2,3032,7,2
MIODB,2,3033,7,2
MIODB,2,6141,7,4
MIODB,2,3614b,7,4
MIODB,2,6019,7,4
MIODB,2,4081b,7,3
MIODB,2,4081a,7,4
MIODB,2,4085a,7,7
MIODB,2,2540,7,4
MIODB,2,3839b,7,3
MIODB,2,4175,7,6
MIODB,2,4596,7,1
MIODB,2,4590,7,2
MIODB,2,2817,7,2
MIODB,2,3298,7,1
MIODB,2,3039p34,7,4
MIODB,2,2876,7,1
MIODB,2,4089,7,2
MIODB,2,4476b,7,4
MIODB,2,41666,7,2
MIODB,2,41667,7,1
MIODB,2,3651,7,53
MIODB,2,2907,7,2
MIODB,2,2825,7,49
MIODB,2,32017,7,7
MIODB,2,2730,7,3
MIODB,2,3703,7,2
MIODB,2,3702,7,10
MIODB,2,3713,7,13
MIODB,2,6575,7,12
MIODB,2,4273b,7,54
MIODB,2,2853,7,17
MIODB,2,2854,7,8
MIODB,2,4143,7,35
MIODB,2,4019,7,21
MIODB,2,3650c,7,26
MIODB,2,3648a,7,26
MIODB,2,3649,7,4
MIODB,2,3647,7,68
MIODB,2,73071,7,1
MIODB,2,2908,7,2
MIODB,2,3673,7,1
MIODB,2,2719,7,15
MIODB,2,4263,7,4
MIODB,2,4262,7,4
MIODB,2,4442,7,12
MIODB,2,3709,7,2
MIODB,2,32001,7,4
MIODB,2,3738,7,5
MIODB,2,2712,7,3
MIODB,2,2717,7,1
MIODB,2,73129,7,2
MIODB,2,2744,7,2
MIODB,2,4261,7,25
MIODB,2,2790,7,3
MIODB,2,3736,7,4
MIODB,2,2791,7,3
MIODB,2,9244,7,8
MIODB,2,4162,7,4
MIODB,2,3068b,7,1
MIODB,2,2432,7,2
MIODB,2,3680,7,4
MIODB,2,3829c01,7,8
MIODB,2,4859,7,1
MIODB,2,3936,7,1
MIODB,2,30119p6u,7,2
MIODB,2,30118,7,1
MIODB,2,3004,27,2
MIODB,2,33243,27,4
MIODB,2,3010,27,5
MIODB,2,6091,27,8
MIODB,2,3062b,27,2
MIODB,2,30367b,27,3
MIODB,2,3941,27,4
MIODB,2,30361c,27,2
MIODB,2,88293,27,6
MIODB,2,3024,27,9
MIODB,2,3023,27,12
MIODB,2,3666,27,6
MIODB,2,2420,27,9
MIODB,2,6141,27,6
MIODB,2,4032a,27,8
MIODB,2,2654,27,4
MIODB,2,61409,27,2
MIODB,2,54200,27,78
MIODB,2,32184,27,2
MIODB,2,3070b,27,7
MIODB,2,3069b,27,2
MIODB,2,63864,27,2
MIODB,2,4150,27,8
MIODB,2,3710,313,1
MIODB,2,85984,313,4
MIODB,2,3070b,313,5
MIODB,2,33291,26,1
MIODB,2,3004,322,10
MIODB,2,3010,322,20
MIODB,2,3009,322,13
MIODB,2,3024,322,10
MIODB,2,3623,322,1
MIODB,2,3710,322,2
MIODB,2,3795,322,1
MIODB,2,3031,322,1
MIODB,2,6141,322,1
MIODB,2,54200,322,3
MIODB,2,6091,73,2
MIODB,2,60475a,73,2
MIODB,2,30414,73,2
MIODB,2,3710,73,3
MIODB,2,2420,73,4
MIODB,2,3031,73,1
MIODB,2,54200,73,86
MIODB,2,32174,73,5
MIODB,2,32165,73,1
MIODB,2,32172,73,2
MIODB,2,3070b,73,1
MIODB,2,3069b,73,2
MIODB,2,93590,73,1
MIODB,2,93597pr0007,73,1
MIODB,2,93591pr0017,73,1
MIODB,2,3005,84,2
MIODB,2,3024,30,23
MIODB,2,3710,30,6
MIODB,2,3031,30,2
MIODB,2,54200,82,1
MIODB,2,30377,80,4
MIODB,2,91049,80,10
MIODB,2,64567,80,4
MIODB,2,6141,80,23
MIODB,2,54200,80,8
MIODB,2,11477,80,4
MIODB,2,50950,80,4
MIODB,2,2412b,80,2
MIODB,2,50943,80,1
MIODB,2,41770,80,2
MIODB,2,41769,80,2
MIODB,2,98138,326,2
MIODB,2,87747,25,6
MIODB,2,32573,25,1
MIODB,2,64275,25,2
MIODB,2,3005,25,4
MIODB,2,3004,25,1
MIODB,2,44302a,25,1
MIODB,2,3024,25,12
MIODB,2,3023,25,1
MIODB,2,3666,25,2
MIODB,2,3022,25,3
MIODB,2,3021,25,3
MIODB,2,3020,25,2
MIODB,2,6141,25,3
MIODB,2,3794a,25,1
MIODB,2,54200,25,14
MIODB,2,3298,25,2
MIODB,2,3040b,25,2
MIODB,2,3660,25,1
MIODB,2,32013,25,2
MIODB,2,32015,25,2
MIODB,2,32039,25,1
MIODB,2,3069b,25,6
MIODB,2,3069bpr0135,25,1
MIODB,2,2431,25,2
MIODB,2,6636,25,2
MIODB,2,2412b,25,2
MIODB,2,43710,25,1
MIODB,2,43711,25,1
MIODB,2,43723,25,1
MIODB,2,43722,25,1
MIODB,2,98313,148,8
MIODB,2,41671,148,1
MIODB,2,90639,148,2
MIODB,2,92222,148,1
MIODB,2,90650,148,1
MIODB,2,92217,148,2
MIODB,2,98588pat0002,148,8
MIODB,2,98564,148,2
MIODB,2,32140,148,1
MIODB,2,41531,148,1
MIODB,2,98313,297,12
MIODB,2,92690,297,4
MIODB,2,6091,297,2
MIODB,2,59900,297,4
MIODB,2,3960,297,1
MIODB,2,90641,297,1
MIODB,2,92215,297,1
MIODB,2,15470,297,1
MIODB,2,6141,297,6
MIODB,2,61252,297,6
MIODB,2,48336,297,2
MIODB,2,3794a,297,11
MIODB,2,50950,297,10
MIODB,2,93794,297,2
MIODB,2,45274,135,4
MIODB,2,44034,135,2
MIODB,2,6141,135,3
MIODB,2,32013,135,7
MIODB,2,6536,135,8
MIODB,2,42003,135,11
MIODB,2,32184,135,2
MIODB,2,32291,135,4
MIODB,2,41677,135,2
MIODB,2,6632,135,4
MIODB,2,32524,135,4
MIODB,2,40490,135,2
MIODB,2,32526,135,2
MIODB,2,41669,135,2
MIODB,2,42042und,150,1
MIODB,2,4083,4,1
MIODB,2,2486,4,1
MIODB,2,2714a,4,2
MIODB,2,32553,4,3
MIODB,2,40342,4,1
MIODB,2,4345a,4,3
MIODB,2,44728,4,3
MIODB,2,3005,4,19
MIODB,2,3004,4,8
MIODB,2,3245b,4,1
MIODB,2,3622,4,2
MIODB,2,3010apr0001,4,2
MIODB,2,3009,4,6
MIODB,2,3008,4,1
MIODB,2,2357,4,1
MIODB,2,3002,4,2
MIODB,2,3001,4,8
MIODB,2,4202,4,1
MIODB,2,6005,4,1
MIODB,2,30367b,4,2
MIODB,2,30361c,4,2
MIODB,2,4217,4,2
MIODB,2,4070,4,6
MIODB,2,3581,4,4
MIODB,2,2877,4,3
MIODB,2,4216,4,12
MIODB,2,2458,4,2
MIODB,2,11211,4,3
MIODB,2,30414,4,2
MIODB,2,4730,4,2
MIODB,2,2434,4,1
MIODB,2,47458,4,3
MIODB,2,4589,4,1
MIODB,2,6942,4,5
MIODB,2,3822,4,3
MIODB,2,3821,4,4
MIODB,2,3861b,4,2
MIODB,2,4130,4,3
MIODB,2,fabhook,4,1
MIODB,2,87620,4,2
MIODB,2,3633,4,10
MIODB,2,3185,4,8
MIODB,2,4495a,4,2
MIODB,2,3937,4,10
MIODB,2,3938,4,2
MIODB,2,6134,4,1
MIODB,2,30552,4,1
MIODB,2,44302a,4,4
MIODB,2,60471,4,3
MIODB,2,4276b,4,4
MIODB,2,4275b,4,6
MIODB,2,2452,4,1
MIODB,2,73983,4,3
MIODB,2,3149c01,4,2
MIODB,2,3324c01,4,1
MIODB,2,4531,4,1
MIODB,2,4625,4,2
MIODB,2,2873,4,1
MIODB,2,4213,4,3
MIODB,2,4315,4,4
MIODB,2,4214,4,2
MIODB,2,2650,4,1
MIODB,2,2651,4,1
MIODB,2,33078,4,1
MIODB,2,298c02,4,4
MIODB,2,2607,4,6
MIODB,2,86035,4,2
MIODB,2,4079,4,3
MIODB,2,3900,4,1
MIODB,2,62361,4,2
MIODB,2,3787,4,2
MIODB,2,3788,4,2
MIODB,2,42446,4,10
MIODB,2,4865a,4,8
MIODB,2,4865pb04,4,4
MIODB,2,2362a,4,2
MIODB,2,3024,4,38
MIODB,2,3023,4,3
MIODB,2,3623,4,20
MIODB,2,3710,4,13
MIODB,2,3666,4,14
MIODB,2,3460,4,13
MIODB,2,3832,4,8
MIODB,2,2445,4,2
MIODB,2,4282,4,1
MIODB,2,3022,4,15
MIODB,2,2420,4,83
MIODB,2,3731,4,1
MIODB,2,3021,4,15
MIODB,2,3034,4,5
MIODB,2,3029,4,4
MIODB,2,3032,4,5
MIODB,2,3035,4,5
MIODB,2,3036,4,1
MIODB,2,6141,4,7
MIODB,2,4032a,4,1
MIODB,2,2654,4,5
MIODB,2,61252,4,6
MIODB,2,6019,4,9
MIODB,2,4081b,4,3
MIODB,2,4081a,4,2
MIODB,2,60897,4,4
MIODB,2,4085c,4,4
MIODB,2,4085a,4,6
MIODB,2,48336,4,2
MIODB,2,3794a,4,12
MIODB,2,63868,4,6
MIODB,2,60470b,4,3
MIODB,2,11458,4,2
MIODB,2,30043,4,1
MIODB,2,3184,4,1
MIODB,2,3183b,4,1
MIODB,2,2817,4,5
MIODB,2,87580,4,3
MIODB,2,3481,4,3
MIODB,2,3730,4,1
MIODB,2,3462,4,1
MIODB,2,87609,4,1
MIODB,2,3176,4,2
MIODB,2,54200,4,221
MIODB,2,3300,4,2
MIODB,2,3299,4,4
MIODB,2,3297,4,5
MIODB,2,3939p68,4,1
MIODB,2,3049b,4,3
MIODB,2,3044b,4,2
MIODB,2,3048c,4,3
MIODB,2,3039p05,4,1
MIODB,2,3039p68,4,4
MIODB,2,4445,4,7
MIODB,2,4857,4,2
MIODB,2,3135c02,4,1
MIODB,2,85970,4,35
MIODB,2,50950,4,38
MIODB,2,61678,4,20
MIODB,2,11153,4,36
MIODB,2,3747b,4,4
MIODB,2,3676,4,1
MIODB,2,3660,4,4
MIODB,2,4871,4,2
MIODB,2,4854,4,1
MIODB,2,73037,4,1
MIODB,2,4476b,4,1
MIODB,2,2340,4,2
MIODB,2,4599a,4,1
MIODB,2,32062,4,14
MIODB,2,32013,4,5
MIODB,2,32192,4,28
MIODB,2,32015,4,2
MIODB,2,6536,4,2
MIODB,2,42003,4,7
MIODB,2,32184,4,2
MIODB,2,32291,4,6
MIODB,2,32126,4,2
MIODB,2,6538b,4,1
MIODB,2,53585,4,1
MIODB,2,32009,4,2
MIODB,2,32525,4,3
MIODB,2,41677,4,2
MIODB,2,32523,4,4
MIODB,2,6632,4,19
MIODB,2,2825,4,2
MIODB,2,32316,4,3
MIODB,2,32017,4,4
MIODB,2,32348,4,2
MIODB,2,32524,4,4
MIODB,2,32271,4,5
MIODB,2,40490,4,4
MIODB,2,32140,4,7
MIODB,2,32056,4,2
MIODB,2,32249,4,4
MIODB,2,32526,4,1
MIODB,2,2730,4,19
MIODB,2,3895,4,16
MIODB,2,3703,4,8
MIODB,2,6541,4,8
MIODB,2,3700,4,42
MIODB,2,3701,4,21
MIODB,2,3894,4,37
MIODB,2,3702,4,35
MIODB,2,3713,4,8
MIODB,2,44350,4,1
MIODB,2,44351,4,1
MIODB,2,44352,4,2
MIODB,2,44353,4,2
MIODB,2,47712,4,2
MIODB,2,47713,4,2
MIODB,2,32527,4,2
MIODB,2,32528,4,2
MIODB,2,32534,4,2
MIODB,2,32535,4,2
MIODB,2,32054,4,9
MIODB,2,4262,4,2
MIODB,2,3709,4,19
MIODB,2,3738,4,15
MIODB,2,2717,4,2
MIODB,2,2744,4,2
MIODB,2,2743,4,2
MIODB,2,41669,4,2
MIODB,2,3070b,4,2
MIODB,2,3069b,4,1
MIODB,2,63864,4,6
MIODB,2,2431,4,5
MIODB,2,6636,4,2
MIODB,2,4162,4,2
MIODB,2,3068b,4,1
MIODB,2,3068bp68,4,3
MIODB,2,4150,4,8
MIODB,2,2555,4,2
MIODB,2,2412b,4,8
MIODB,2,2432,4,3
MIODB,2,85557,4,1
MIODB,2,3403c01,4,2
MIODB,2,4211,4,2
MIODB,2,18974,4,3
MIODB,2,3829c01,4,6
MIODB,2,2399,4,6
MIODB,2,50373,4,3
MIODB,2,11291,4,1
MIODB,2,43710,4,4
MIODB,2,4855,4,1
MIODB,2,52031,4,6
MIODB,2,41750,4,2
MIODB,2,41749,4,1
MIODB,2,2450,4,4
MIODB,2,4859,4,7
MIODB,2,48183,4,3
MIODB,2,2419,4,5
MIODB,2,2413,4,1
MIODB,2,3081cc01,4,4
MIODB,2,3853,4,5
MIODB,2,4132,4,4
MIODB,2,4741,4,4
MIODB,2,64453,4,1
MIODB,2,61484,4,1
MIODB,2,47844,4,1
MIODB,2,4070,70,8
MIODB,2,3836,70,1
MIODB,2,42446,70,1
MIODB,2,3024,70,24
MIODB,2,3023,70,9
MIODB,2,3623,70,6
MIODB,2,3710,70,20
MIODB,2,3666,70,8
MIODB,2,2445,70,2
MIODB,2,3022,70,16
MIODB,2,2420,70,20
MIODB,2,3020,70,4
MIODB,2,15470,70,1
MIODB,2,48336,70,3
MIODB,2,2540,70,3
MIODB,2,54200,70,37
MIODB,2,3069b,70,2
MIODB,2,63864,70,1
MIODB,2,2431,70,2
MIODB,2,3070b,379,1
MIODB,2,54200,378,10
MIODB,2,59230,19,2
MIODB,2,30374,19,1
MIODB,2,3005,19,1
MIODB,2,6005,19,11
MIODB,2,47457,19,4
MIODB,2,41855,19,5
MIODB,2,3062b,19,9
MIODB,2,4733,19,1
MIODB,2,87087,19,2
MIODB,2,47905,19,6
MIODB,2,11211,19,10
MIODB,2,30414,19,1
MIODB,2,43898,19,1
MIODB,2,44301a,19,2
MIODB,2,21562,19,18
MIODB,2,64644,19,1
MIODB,2,3024,19,12
MIODB,2,4477,19,2
MIODB,2,3023,19,29
MIODB,2,3623,19,8
MIODB,2,3710,19,3
MIODB,2,3666,19,2
MIODB,2,3460,19,2
MIODB,2,3022,19,10
MIODB,2,2420,19,45
MIODB,2,3020,19,9
MIODB,2,3795,19,6
MIODB,2,3034,19,4
MIODB,2,3031,19,2
MIODB,2,2639,19,4
MIODB,2,3033,19,2
MIODB,2,92438,19,1
MIODB,2,6141,19,17
MIODB,2,2540,19,1
MIODB,2,3794a,19,1
MIODB,2,2444,19,1
MIODB,2,3176,19,1
MIODB,2,54200,19,21
MIODB,2,92946,19,5
MIODB,2,3747b,19,2
MIODB,2,6538b,19,2
MIODB,2,3749,19,34
MIODB,2,41677,19,4
MIODB,2,6541,19,2
MIODB,2,3700,19,2
MIODB,2,6589,19,3
MIODB,2,32198,19,1
MIODB,2,32269,19,1
MIODB,2,32002,19,7
MIODB,2,32556,19,1
MIODB,2,3070b,19,8
MIODB,2,2431,19,1
MIODB,2,3068bpx21,19,1
MIODB,2,3068bpr0007,19,5
MIODB,2,87079,19,4
MIODB,2,2555,19,10
MIODB,2,2412b,19,6
MIODB,2,30375,19,4
MIODB,2,3066,40,2
MIODB,2,3003,40,2
MIODB,2,30292,40,18
MIODB,2,3024,40,3
MIODB,2,54200,40,31
MIODB,2,3039,40,2
MIODB,2,30602,40,7
MIODB,2,42022,40,2
MIODB,2,41669,40,5
MIODB,2,3070b,40,1
MIODB,2,41749,40,1
MIODB,2,45705,40,1
MIODB,2,57783,40,1
MIODB,2,4872,40,1
MIODB,2,6238,40,1
MIODB,2,18973,40,1
MIODB,2,30384,40,1
MIODB,2,92579,40,1
MIODB,2,41751pr005,40,1
MIODB,2,3065,35,1
MIODB,2,4740,35,2
MIODB,2,58176,35,2
MIODB,2,4865b,35,1
MIODB,2,6141,35,5
MIODB,2,30602,35,2
MIODB,2,42022,35,2
MIODB,2,15303,35,3
MIODB,2,6239,35,2
MIODB,2,3957a,47,3
MIODB,2,99784,47,1
MIODB,2,3005,47,5
MIODB,2,3004,47,4
MIODB,2,3010,47,2
MIODB,2,3003,47,2
MIODB,2,3001,47,5
MIODB,2,3941,47,1
MIODB,2,85941,47,2
MIODB,2,4740,47,2
MIODB,2,43898,47,1
MIODB,2,6942,47,2
MIODB,2,4218,47,4
MIODB,2,18986,47,1
MIODB,2,18663,47,2
MIODB,2,87552,47,1
MIODB,2,4864bpr16,47,1
MIODB,2,2362a,47,2
MIODB,2,3024,47,3
MIODB,2,3023,47,6
MIODB,2,6141,47,5
MIODB,2,11833,47,2
MIODB,2,88000,47,3
MIODB,2,54200,47,26
MIODB,2,3939,47,2
MIODB,2,58181,47,1
MIODB,2,3039,47,3
MIODB,2,3678a,47,4
MIODB,2,4185,47,2
MIODB,2,3070b,47,11
MIODB,2,3069b,47,4
MIODB,2,98138,47,7
MIODB,2,20482,47,4
MIODB,2,3823,47,10
MIODB,2,4594,47,3
MIODB,2,4176,47,1
MIODB,2,3005,33,1
MIODB,2,3062b,33,2
MIODB,2,4589,33,1
MIODB,2,59900,33,4
MIODB,2,4740,33,3
MIODB,2,30292,33,5
MIODB,2,2408,33,1
MIODB,2,3024,33,8
MIODB,2,3023,33,2
MIODB,2,6141,33,5
MIODB,2,2654,33,9
MIODB,2,30153,33,1
MIODB,2,54200,33,79
MIODB,2,32137,33,4
MIODB,2,3070b,33,4
MIODB,2,3069b,33,12
MIODB,2,3823,33,4
MIODB,2,2437,33,1
MIODB,2,2418a,33,1
MIODB,2,98138,45,2
MIODB,2,4346,34,1
MIODB,2,59900,34,1
MIODB,2,2466,34,1
MIODB,2,3024,34,1
MIODB,2,6141,34,14
MIODB,2,54200,34,37
MIODB,2,3070b,34,2
MIODB,2,98138,34,3
MIODB,2,93609,41,1
MIODB,2,30374,41,4
MIODB,2,3062b,41,30
MIODB,2,4740,41,3
MIODB,2,4285b,41,2
MIODB,2,30292,41,1
MIODB,2,4862,41,8
MIODB,2,11164pat02,41,1
MIODB,2,98585,41,1
MIODB,2,58176,41,1
MIODB,2,4865a,41,7
MIODB,2,6141,41,14
MIODB,2,2654,41,1
MIODB,2,54200,41,8
MIODB,2,41669,41,2
MIODB,2,3069b,41,1
MIODB,2,98138,41,1
MIODB,2,3823,41,2
MIODB,2,2437,41,2
MIODB,2,50747,41,3
MIODB,2,57560pat0001,143,3
MIODB,2,4740,143,2
MIODB,2,3023,143,2
MIODB,2,2654,143,4
MIODB,2,54200,143,61
MIODB,2,41669,143,2
MIODB,2,2569,42,15
MIODB,2,64262,42,1
MIODB,2,4588,42,3
MIODB,2,4589,42,10
MIODB,2,4740,42,9
MIODB,2,3960,42,4
MIODB,2,90641,42,10
MIODB,2,11270,42,1
MIODB,2,2408p01,42,1
MIODB,2,4865a,42,1
MIODB,2,2466,42,5
MIODB,2,6141,42,36
MIODB,2,54200,42,4
MIODB,2,2507,42,2
MIODB,2,87752,42,1
MIODB,2,2418a,42,9
MIODB,2,2569,57,4
MIODB,2,412,57,6
MIODB,2,30374,57,1
MIODB,2,4346,57,1
MIODB,2,4345b,57,1
MIODB,2,3062b,57,2
MIODB,2,3941,57,1
MIODB,2,4589,57,2
MIODB,2,59900,57,1
MIODB,2,4740,57,5
MIODB,2,3960,57,2
MIODB,2,6133,57,2
MIODB,2,6117,57,2
MIODB,2,6120,57,10
MIODB,2,2466,57,1
MIODB,2,6141,57,18
MIODB,2,6041,57,3
MIODB,2,32174,57,1
MIODB,2,6126a,57,2
MIODB,2,2507,57,1
MIODB,2,58176,182,2
MIODB,2,6141,182,11
MIODB,2,54200,182,8
MIODB,2,98138,182,7
MIODB,2,3957a,36,8
MIODB,2,30374,36,4
MIODB,2,3062b,36,15
MIODB,2,4589,36,14
MIODB,2,4740,36,5
MIODB,2,3024,36,32
MIODB,2,3023,36,3
MIODB,2,6141,36,50
MIODB,2,54200,36,10
MIODB,2,3040b,36,2
MIODB,2,3039,36,2
MIODB,2,41669,36,8
MIODB,2,3070b,36,10
MIODB,2,98138,36,10
MIODB,2,2507,36,1
MIODB,2,3062b,46,8
MIODB,2,3941,46,4
MIODB,2,73590c01a,46,2
MIODB,2,2466,46,1
MIODB,2,3024,46,48
MIODB,2,6141,46,23
MIODB,2,54200,46,27
MIODB,2,3070b,46,5
MIODB,2,3069b,46,2
MIODB,2,98138,46,1
MIODB,2,2337,46,1
MIODB,2,4474,46,1
MIODB,2,3024,503,30
MIODB,2,3957a,15,2
MIODB,2,53989,15,1
MIODB,2,93609,15,1
MIODB,2,6553,15,2
MIODB,2,4083,15,2
MIODB,2,6016,15,1
MIODB,2,2486,15,3
MIODB,2,87994,15,2
MIODB,2,53451,15,4
MIODB,2,42074,15,6
MIODB,2,41665,15,2
MIODB,2,41668,15,2
MIODB,2,41660,15,2
MIODB,2,2625,15,1
MIODB,2,4345a,15,2
MIODB,2,99781,15,7
MIODB,2,44728,15,8
MIODB,2,4169,15,2
MIODB,2,4598,15,1
MIODB,2,4732,15,1
MIODB,2,3005,15,32
MIODB,2,6111,15,1
MIODB,2,33286,15,1
MIODB,2,2453a,15,4
MIODB,2,3004,15,47
MIODB,2,3245b,15,2
MIODB,2,2454a,15,2
MIODB,2,3622,15,17
MIODB,2,18653,15,14
MIODB,2,33243,15,8
MIODB,2,3010,15,11
MIODB,2,3010p03,15,1
MIODB,2,3010p06,15,1
MIODB,2,3009,15,13
MIODB,2,3008,15,6
MIODB,2,3003,15,4
MIODB,2,3002,15,14
MIODB,2,3001,15,22
MIODB,2,6061,15,1
MIODB,2,2456,15,2
MIODB,2,6005,15,40
MIODB,2,3307,15,1
MIODB,2,6091,15,2
MIODB,2,6081,15,4
MIODB,2,3062b,15,1
MIODB,2,4588,15,3
MIODB,2,98100,15,3
MIODB,2,3941,15,26
MIODB,2,30361,15,4
MIODB,2,30361c,15,1
MIODB,2,4591,15,2
MIODB,2,3063b,15,2
MIODB,2,4733,15,5
MIODB,2,4070,15,2
MIODB,2,3581,15,2
MIODB,2,4216,15,1
MIODB,2,30236,15,1
MIODB,2,2458,15,1
MIODB,2,4595,15,2
MIODB,2,2463,15,2
MIODB,2,4597,15,1
MIODB,2,4589,15,8
MIODB,2,3942c,15,1
MIODB,2,3943b,15,1
MIODB,2,6259,15,2
MIODB,2,87926,15,6
MIODB,2,40379,15,1
MIODB,2,40378,15,1
MIODB,2,4740,15,7
MIODB,2,43898,15,1
MIODB,2,3960,15,2
MIODB,2,3822,15,3
MIODB,2,3821,15,4
MIODB,2,73194c01,15,1
MIODB,2,60596,15,1
MIODB,2,93070pr0001,15,1
MIODB,2,4758,15,2
MIODB,2,4868a,15,2
MIODB,2,4229,15,6
MIODB,2,87620,15,7
MIODB,2,30647,15,4
MIODB,2,3185,15,4
MIODB,2,4495a,15,1
MIODB,2,30622,15,1
MIODB,2,3938,15,1
MIODB,2,30383,15,4
MIODB,2,4276b,15,10
MIODB,2,4275b,15,6
MIODB,2,4531,15,3
MIODB,2,4625,15,5
MIODB,2,4213,15,2
MIODB,2,4315,15,2
MIODB,2,93062c01,15,2
MIODB,2,4592,15,3
MIODB,2,298c02,15,1
MIODB,2,2516,15,4
MIODB,2,2342,15,2
MIODB,2,3626b,15,3
MIODB,2,3959,15,1
MIODB,2,3788,15,1
MIODB,2,50745,15,4
MIODB,2,4865a,15,5
MIODB,2,4864a,15,2
MIODB,2,43337,15,2
MIODB,2,15207,15,2
MIODB,2,4215a,15,12
MIODB,2,59349,15,1
MIODB,2,30034,15,1
MIODB,2,4477,15,13
MIODB,2,3710,15,17
MIODB,2,3666,15,2
MIODB,2,3460,15,9
MIODB,2,3832,15,3
MIODB,2,2445,15,1
MIODB,2,4282,15,2
MIODB,2,3022,15,6
MIODB,2,4757,15,2
MIODB,2,3795,15,8
MIODB,2,3034,15,1
MIODB,2,3030,15,1
MIODB,2,3028,15,1
MIODB,2,3958,15,1
MIODB,2,3036,15,1
MIODB,2,41539,15,2
MIODB,2,85861,15,5
MIODB,2,6141,15,29
MIODB,2,61252,15,2
MIODB,2,4081b,15,7
MIODB,2,4081a,15,2
MIODB,2,4085a,15,20
MIODB,2,48336,15,2
MIODB,2,2540,15,3
MIODB,2,92280,15,2
MIODB,2,3794a,15,4
MIODB,2,63868,15,4
MIODB,2,32028,15,5
MIODB,2,60478,15,2
MIODB,2,3839b,15,2
MIODB,2,4596,15,4
MIODB,2,11458,15,4
MIODB,2,15208,15,2
MIODB,2,4590,15,2
MIODB,2,6583,15,1
MIODB,2,62743,15,6
MIODB,2,2444,15,7
MIODB,2,87580,15,1
MIODB,2,4488,15,2
MIODB,2,30363,15,1
MIODB,2,54200,15,319
MIODB,2,4286,15,7
MIODB,2,3298,15,5
MIODB,2,3040b,15,6
MIODB,2,3039p32,15,1
MIODB,2,3037,15,3
MIODB,2,2875,15,20
MIODB,2,4861,15,2
MIODB,2,4857,15,6
MIODB,2,30602,15,9
MIODB,2,30602pb017,15,1
MIODB,2,42022,15,2
MIODB,2,3665,15,5
MIODB,2,4871,15,1
MIODB,2,4854,15,4
MIODB,2,47459,15,2
MIODB,2,6239,15,2
MIODB,2,4599a,15,3
MIODB,2,32013,15,1
MIODB,2,6536,15,1
MIODB,2,32291,15,2
MIODB,2,6538b,15,7
MIODB,2,32039,15,2
MIODB,2,41677,15,5
MIODB,2,32523,15,8
MIODB,2,6632,15,13
MIODB,2,32140,15,1
MIODB,2,32250,15,2
MIODB,2,3895,15,6
MIODB,2,32018,15,4
MIODB,2,3703,15,4
MIODB,2,6541,15,1
MIODB,2,32000,15,8
MIODB,2,32064b,15,3
MIODB,2,3701,15,7
MIODB,2,3894,15,8
MIODB,2,3702,15,10
MIODB,2,92013,15,2
MIODB,2,6575,15,2
MIODB,2,2713,15,4
MIODB,2,76244,15,1
MIODB,2,76019,15,1
MIODB,2,3743,15,1
MIODB,2,2904,15,1
MIODB,2,4274,15,1
MIODB,2,62462,15,1
MIODB,2,3709,15,2
MIODB,2,47455,15,8
MIODB,2,44225,15,1
MIODB,2,44224,15,1
MIODB,2,41679,15,2
MIODB,2,41681,15,1
MIODB,2,3069bp13,15,1
MIODB,2,3069bp05,15,28
MIODB,2,3069bpr0030,15,1
MIODB,2,3069bp09,15,4
MIODB,2,3069bpr0133,15,1
MIODB,2,2431,15,37
MIODB,2,6636,15,1
MIODB,2,3068bpr0137,15,1
MIODB,2,3068b,15,3
MIODB,2,3068bp81,15,1
MIODB,2,3068bp87,15,1
MIODB,2,3068bp06,15,3
MIODB,2,3068bp05,15,4
MIODB,2,87079,15,20
MIODB,2,98138,15,6
MIODB,2,98138pr0013,15,1
MIODB,2,4150p01,15,1
MIODB,2,4150,15,3
MIODB,2,6177,15,1
MIODB,2,2555,15,17
MIODB,2,2412b,15,11
MIODB,2,2432,15,6
MIODB,2,3680,15,9
MIODB,2,3403c01,15,1
MIODB,2,4211,15,1
MIODB,2,60212,15,1
MIODB,2,3829c01,15,4
MIODB,2,42061,15,1
MIODB,2,42060,15,1
MIODB,2,6565,15,2
MIODB,2,6564,15,2
MIODB,2,2399,15,5
MIODB,2,50373,15,5
MIODB,2,43710,15,1
MIODB,2,43711,15,1
MIODB,2,4858,15,2
MIODB,2,4855,15,3
MIODB,2,4867p10,15,1
MIODB,2,45677,15,1
MIODB,2,6153a,15,15
MIODB,2,6153b,15,20
MIODB,2,4856a,15,5
MIODB,2,51739,15,2
MIODB,2,43723,15,4
MIODB,2,43722,15,2
MIODB,2,2450,15,6
MIODB,2,4859,15,6
MIODB,2,2419,15,3
MIODB,2,41769,15,1
MIODB,2,30503,15,4
MIODB,2,3474,15,1
MIODB,2,2413,15,2
MIODB,2,54384,15,1
MIODB,2,54383,15,1
MIODB,2,3586,15,1
MIODB,2,3585,15,1
MIODB,2,3933a,15,2
MIODB,2,3934a,15,3
MIODB,2,30504,15,2
MIODB,2,3856,15,2
MIODB,2,4863,15,6
MIODB,2,4033,15,2
MIODB,2,4866,15,2
MIODB,2,3957a,14,6
MIODB,2,4220,14,3
MIODB,2,6553,14,3
MIODB,2,4735,14,1
MIODB,2,4083,14,3
MIODB,2,53451,14,6
MIODB,2,4346,14,1
MIODB,2,4345a,14,1
MIODB,2,99780,14,1
MIODB,2,2436,14,6
MIODB,2,3005,14,14
MIODB,2,3004,14,2
MIODB,2,3622,14,2
MIODB,2,3010,14,5
MIODB,2,3009,14,7
MIODB,2,3008,14,1
MIODB,2,3006,14,1
MIODB,2,3003,14,25
MIODB,2,2357,14,6
MIODB,2,3003pe2,14,6
MIODB,2,3002,14,2
MIODB,2,3001,14,20
MIODB,2,3001p08,14,3
MIODB,2,3007,14,3
MIODB,2,3659,14,2
MIODB,2,3307,14,2
MIODB,2,3308,14,2
MIODB,2,6091,14,2
MIODB,2,6081,14,4
MIODB,2,3941,14,4
MIODB,2,4070,14,13
MIODB,2,3317,14,1
MIODB,2,2877,14,2
MIODB,2,30237a,14,2
MIODB,2,4730,14,1
MIODB,2,6042,14,2
MIODB,2,2578a,14,1
MIODB,2,4589,14,2
MIODB,2,6039,14,2
MIODB,2,3942b,14,6
MIODB,2,2350ap01,14,1
MIODB,2,3492c01,14,1
MIODB,2,40379,14,8
MIODB,2,43898,14,1
MIODB,2,3822,14,1
MIODB,2,3821,14,1
MIODB,2,4131,14,3
MIODB,2,3475a,14,2
MIODB,2,87620,14,6
MIODB,2,30647,14,4
MIODB,2,3069bpr0143,14,4
MIODB,2,4219,14,1
MIODB,2,4218,14,4
MIODB,2,3938,14,1
MIODB,2,4626,14,1
MIODB,2,4276b,14,5
MIODB,2,4275b,14,10
MIODB,2,73983,14,2
MIODB,2,4504,14,2
MIODB,2,44570,14,1
MIODB,2,4531,14,8
MIODB,2,4625,14,1
MIODB,2,4213,14,4
MIODB,2,4214,14,4
MIODB,2,2397,14,1
MIODB,2,3626b,14,6
MIODB,2,4079,14,3
MIODB,2,3959,14,5
MIODB,2,44674,14,1
MIODB,2,3788,14,5
MIODB,2,4865a,14,5
MIODB,2,4864a,14,1
MIODB,2,4864ap01,14,1
MIODB,2,4215a,14,1
MIODB,2,3024,14,2
MIODB,2,4477,14,4
MIODB,2,3023,14,6
MIODB,2,3623,14,20
MIODB,2,3710,14,27
MIODB,2,3666,14,3
MIODB,2,3460,14,11
MIODB,2,3022,14,14
MIODB,2,3021,14,2
MIODB,2,3795,14,2
MIODB,2,3034,14,1
MIODB,2,3031,14,1
MIODB,2,3032,14,1
MIODB,2,3035,14,2
MIODB,2,85861,14,1
MIODB,2,6141,14,14
MIODB,2,4032a,14,4
MIODB,2,6019,14,10
MIODB,2,4081b,14,1
MIODB,2,2540,14,2
MIODB,2,3794a,14,3
MIODB,2,4175,14,1
MIODB,2,50949,14,1
MIODB,2,87580,14,1
MIODB,2,3481,14,1
MIODB,2,3462,14,1
MIODB,2,64799,14,6
MIODB,2,98135,14,4
MIODB,2,6041,14,1
MIODB,2,61409,14,2
MIODB,2,54200,14,55
MIODB,2,4286,14,4
MIODB,2,3298,14,1
MIODB,2,3040b,14,25
MIODB,2,3039,14,9
MIODB,2,3039p72,14,1
MIODB,2,3038,14,2
MIODB,2,3037,14,2
MIODB,2,4445,14,3
MIODB,2,4861,14,1
MIODB,2,4460b,14,8
MIODB,2,3684,14,2
MIODB,2,88930,14,1
MIODB,2,50950,14,2
MIODB,2,93273,14,1
MIODB,2,4287,14,6
MIODB,2,3747b,14,3
MIODB,2,3665,14,24
MIODB,2,3676,14,2
MIODB,2,3660,14,2
MIODB,2,4871,14,2
MIODB,2,4854,14,2
MIODB,2,73037,14,1
MIODB,2,44661,14,1
MIODB,2,44661pr0001,14,1
MIODB,2,32015,14,2
MIODB,2,32014,14,1
MIODB,2,6536,14,1
MIODB,2,59443,14,4
MIODB,2,32039,14,2
MIODB,2,32009,14,4
MIODB,2,6632,14,1
MIODB,2,2825,14,15
MIODB,2,2730,14,3
MIODB,2,3895,14,10
MIODB,2,3703,14,8
MIODB,2,6541,14,8
MIODB,2,3700,14,34
MIODB,2,32064b,14,1
MIODB,2,3701,14,13
MIODB,2,3894,14,17
MIODB,2,3702,14,11
MIODB,2,3713,14,3
MIODB,2,32123b,14,20
MIODB,2,2851,14,6
MIODB,2,2713,14,2
MIODB,2,2823,14,2
MIODB,2,424,14,2
MIODB,2,75535,14,4
MIODB,2,32138,14,2
MIODB,2,4263,14,2
MIODB,2,2711,14,10
MIODB,2,3709,14,30
MIODB,2,3738,14,2
MIODB,2,48912c01,14,1
MIODB,2,76537,14,2
MIODB,2,2744,14,2
MIODB,2,4716,14,1
MIODB,2,3070b,14,11
MIODB,2,58624,14,2
MIODB,2,3069b,14,17
MIODB,2,6636,14,2
MIODB,2,3068b,14,12
MIODB,2,4150p40,14,3
MIODB,2,2555,14,4
MIODB,2,2412b,14,8
MIODB,2,3680,14,4
MIODB,2,4211,14,2
MIODB,2,2347,14,1
MIODB,2,3433,14,1
MIODB,2,3829c01,14,3
MIODB,2,6565,14,2
MIODB,2,6564,14,2
MIODB,2,4858,14,1
MIODB,2,4855,14,1
MIODB,2,4856a,14,1
MIODB,2,51739,14,1
MIODB,2,2450,14,6
MIODB,2,4859,14,2
MIODB,2,2419,14,2
MIODB,2,3936,14,1
MIODB,2,3935,14,3
MIODB,2,4863,14,1
MIODB,2,4133,14,4
